t,e,c,v
1734823977087,n,i,
1734824020189,n,b,
1734824085942,n,i,
1734824470683,c,pr,s2
1734824528024,c,pr,s3
1734824559412,c,pr,s4
1734824577451,c,pr,s3
1734824578425,c,pr,s4
1734824661031,m,re,
1734824661363,ml,re,
1734824661780,m,re,
1734824661880,ml,re,
1734824710985,c,pr,s4
1734824825106,n,i,
1734824830464,c,pr,s1
1734824853925,c,pr,s2
1734824871001,c,pr,s3
1734824881327,c,pr,s4
1734824884465,c,pr,s5
1734824910571,m,re,
1734824910603,ml,re,
1734824913087,m,re,
1734824916637,ml,re,
1734824968208,c,pr,s3
1734824971168,c,pr,s5
1734825028899,c,pr,s2
1734825034877,c,pr,s1
1734825136426,c,pr,s4
1734825235647,c,pr,s2
1734825236465,c,pr,s3
1734825237014,c,pr,s4
1734825238179,c,pr,s5
1734825239911,c,pr,s6
1734825243047,c,pr,s5
1734825244678,c,pr,s4
1734825254571,c,pr,s2
1734825255106,c,pr,s3
1734825255756,c,pr,s6
1734825257588,c,pr,s5
1734825262329,c,pr,s4
1734825268465,c,pr,s5
1734825283922,c,pr,s4
1734825323566,c,pr,prove
1734825324471,c,pr,given
1734825334447,c,pr,s1
1734825352792,c,pr,s2
1734825356305,c,pr,s3
1734825359829,c,pr,s2
1734825360406,c,pr,s1
1734825361069,c,pr,s2
1734825363429,c,pr,s1
1734825364182,c,pr,s2
1734825366291,c,pr,s3
1734825402386,c,pr,s4
1734825403361,c,pr,s5
1734825404164,c,pr,s4
1734825406021,c,pr,s3
1734825407485,c,pr,s4
1734825416778,c,pr,s5
1734825429514,c,pr,s2
1734825430292,c,pr,s1
1734825431239,c,pr,s3
1734825496638,c,pr,s1
1734825499050,c,pr,s2
1734825501939,c,pr,s3
1734825518295,c,pr,s4
1734825522358,c,pr,s5
1734825526364,c,pr,s6
1734825528113,c,pr,s7
1734825535073,c,pr,s8
1734825539139,c,pr,s7
1734825541021,m,re,
1734825544704,ml,re,
1734825549289,c,pr,s8
1734825554260,c,pr,s9
1734825566508,c,pr,s8
1734825567996,c,pr,s9
1734825576147,c,pr,s8
1734825576528,c,pr,s7
1734825577504,m,re,
1734825581038,ml,re,
1734825581787,c,pr,s9
1734825613119,c,pr,s5
1734825619295,c,pr,s4
1734825620249,c,pr,s5
1734825629271,c,pr,s1
1734825631412,c,pr,s2
1734825633744,c,pr,s3
1734825634890,c,pr,s4
1734825642218,c,pr,s5
1734825643726,c,pr,s6
1734825645106,c,pr,s7
1734825659416,c,pr,s6
1734825661121,c,pr,s7
1734825667390,m,re,
1734825674223,ml,re,
1734825684956,c,pr,s5
1734825700600,c,pr,s7
1734825725055,c,pr,s4
1734825725863,c,pr,s3
1734825726401,c,pr,s2
1734825728913,c,pr,s3
1734825729605,c,pr,s2
1734825730072,c,pr,s3
1734825734106,c,pr,s4
1734825736747,c,pr,s5
1734825756561,c,pr,s4
1734825757478,c,pr,s3
1734825759554,c,pr,s4
1734825760566,c,pr,s3
1734825763731,c,pr,s2
1734825764662,c,pr,s3
1734825765877,c,pr,s2
1734825766380,c,pr,s3
1734825768546,c,pr,s4
1734825777993,c,pr,s1
1734825778870,c,pr,s2
1734825779572,c,pr,s1
1734825827309,c,pr,s1
1734825863141,c,pr,s2
1734825907428,c,pr,s3
1734825909730,c,pr,s4
1734825911687,c,pr,s5
1734825913161,c,pr,s6
1734825919188,c,pr,s7
1734825925027,c,pr,s8
1734825928953,c,pr,s9
1734825934224,c,pr,s10
1734825942932,c,pr,s7
1734825951684,c,pr,s9
1734825952968,c,pr,s7
1734826007912,c,pr,prove
1734826010806,c,pr,s1
1734826040938,c,pr,s2
1734826041896,c,pr,s3
1734826043425,c,pr,s4
1734826044899,c,pr,s5
1734826046956,c,pr,s6
1734826050603,c,pr,s7
1734826054173,c,pr,s8
1734826068390,m,re,
1734826068422,ml,re,
1734826069005,m,re,
1734826069106,ml,re,
1734826069456,m,re,
1734826081706,ml,re,
1734826093490,c,pr,s2
1734826094501,c,pr,s3
1734826095245,c,pr,s2
1734826095773,c,pr,s3
1734826096393,c,pr,s2
1734826096893,c,pr,s3
1734826097981,c,pr,s2
1734826098986,c,pr,s3
1734826099684,c,pr,s2
1734826100525,c,pr,s1
1734826101048,c,pr,s2
1734826138586,c,pr,s1
1734826150357,c,pr,s2
1734826154482,c,pr,s3
1734826165210,c,pr,s4
1734826169965,c,pr,s5
1734826171885,c,pr,s6
1734826196853,c,pr,s7
1734826203918,c,pr,s8
1734826234324,c,pr,s9
1734826259441,c,pr,s8
1734826260746,c,pr,s7
